Tweet_ID,Tweet_TimeDate(JST),Tweet_Text,Like,Num_of_Retweets,Account_ID,Account_Name,Description,Num_of_Follow,Num_of_Follower,Account_Create_Date,Retweet_Tweet_ID,Retweet_Account_ID,Place,Is_Badge
1643538279470632961,2023-04-05_17:57:15,ちゃんと内容確認してないけどこれくらいならパパッと出してくれるtexコマンドなのがさらに良い ,0,0,ijuin_sugaku,伊集院@数学,株式会社すうがくぶんかの伊集院です！数学や統計の授業をしています☺️数学好きな人もそうじゃない人も仲良くしてください🥺ハッシュタグつけ忘れ芸人,238,302,2021-12-18_09:46:15,,,,False
1643535625809965056,2023-04-05_17:46:43,GPTちゃんに演習問題ちょうだいっていうと出題してくれるのめっちゃ勉強になる,3,1,ijuin_sugaku,伊集院@数学,株式会社すうがくぶんかの伊集院です！数学や統計の授業をしています☺️数学好きな人もそうじゃない人も仲良くしてください🥺ハッシュタグつけ忘れ芸人,238,302,2021-12-18_09:46:15,,,,False
1641961395653873664,2023-04-01_09:31:17,つよいバルサミコ酢とつよいきんつば貰った!!襤襤【緩募】バルサミコ酢レシピ,4,0,ijuin_sugaku,伊集院@数学,株式会社すうがくぶんかの伊集院です！数学や統計の授業をしています☺️数学好きな人もそうじゃない人も仲良くしてください🥺ハッシュタグつけ忘れ芸人,238,302,2021-12-18_09:46:15,,,,False
1640623905013649409,2023-03-28_16:56:34,やりました!楽しかったー☺️アーカイブ動画の視聴も無料でできます!データ分析気になってる方みんなに届け#すうがくぶんか,13,3,ijuin_sugaku,伊集院@数学,株式会社すうがくぶんかの伊集院です！数学や統計の授業をしています☺️数学好きな人もそうじゃない人も仲良くしてください🥺ハッシュタグつけ忘れ芸人,238,302,2021-12-18_09:46:15,,,,False
1639213987660443648,2023-03-24_19:34:04,明日やります!無料です!ぜひ!#すうがくぶんか,7,2,ijuin_sugaku,伊集院@数学,株式会社すうがくぶんかの伊集院です！数学や統計の授業をしています☺️数学好きな人もそうじゃない人も仲良くしてください🥺ハッシュタグつけ忘れ芸人,238,302,2021-12-18_09:46:15,,,,False
1638060005470666752,2023-03-21_15:08:33,サンプルコード見ながらバグってる,0,0,ijuin_sugaku,伊集院@数学,株式会社すうがくぶんかの伊集院です！数学や統計の授業をしています☺️数学好きな人もそうじゃない人も仲良くしてください🥺ハッシュタグつけ忘れ芸人,238,302,2021-12-18_09:46:15,,,,False
1638059964790108160,2023-03-21_15:08:23,python多めの後にR触るとdata.trainとか書いてあるとき頭がバグる,0,0,ijuin_sugaku,伊集院@数学,株式会社すうがくぶんかの伊集院です！数学や統計の授業をしています☺️数学好きな人もそうじゃない人も仲良くしてください🥺ハッシュタグつけ忘れ芸人,238,302,2021-12-18_09:46:15,,,,False
1635923240941150208,2023-03-15_17:37:49,高校の教員してた頃は数学の先生誰もTeX使ってなかったし勝手に使ってたらTeX禁止令出ちゃったこともあった思い出,0,0,ijuin_sugaku,伊集院@数学,株式会社すうがくぶんかの伊集院です！数学や統計の授業をしています☺️数学好きな人もそうじゃない人も仲良くしてください🥺ハッシュタグつけ忘れ芸人,238,302,2021-12-18_09:46:15,,,,False
1635909587076546560,2023-03-15_16:43:33,昨日の講師勉強会、p進数とヘンゼルの補題の話をしてみました形を整えて講座にしたい気持ち#すうがくぶんか,2,0,ijuin_sugaku,伊集院@数学,株式会社すうがくぶんかの伊集院です！数学や統計の授業をしています☺️数学好きな人もそうじゃない人も仲良くしてください🥺ハッシュタグつけ忘れ芸人,238,302,2021-12-18_09:46:15,,,,False
1635908656092020736,2023-03-15_16:39:51,新しい名刺って作ってなかったっけ…古いのなら束であるんだけど…,0,0,ijuin_sugaku,伊集院@数学,株式会社すうがくぶんかの伊集院です！数学や統計の授業をしています☺️数学好きな人もそうじゃない人も仲良くしてください🥺ハッシュタグつけ忘れ芸人,238,302,2021-12-18_09:46:15,,,,False
1635103870073581568,2023-03-13_11:21:56,新しい講座のテキスト作ってるとあれもこれも詰め込みたくなっちゃうなぁ。。。,2,0,ijuin_sugaku,伊集院@数学,株式会社すうがくぶんかの伊集院です！数学や統計の授業をしています☺️数学好きな人もそうじゃない人も仲良くしてください🥺ハッシュタグつけ忘れ芸人,238,302,2021-12-18_09:46:15,,,,False
1634455298206494721,2023-03-11_16:24:44,隣にいるKAIKIN坊と見分けがつかないのよ,0,0,ijuin_sugaku,伊集院@数学,株式会社すうがくぶんかの伊集院です！数学や統計の授業をしています☺️数学好きな人もそうじゃない人も仲良くしてください🥺ハッシュタグつけ忘れ芸人,238,302,2021-12-18_09:46:15,1634452787416408067,1472005191809781762,,False
1634452804445298689,2023-03-11_16:14:49,痩せる,1,0,ijuin_sugaku,伊集院@数学,株式会社すうがくぶんかの伊集院です！数学や統計の授業をしています☺️数学好きな人もそうじゃない人も仲良くしてください🥺ハッシュタグつけ忘れ芸人,238,302,2021-12-18_09:46:15,,,,False
1634452787416408067,2023-03-11_16:14:45,ホームページの写真、新しくしてもらったんだけど顔丸すぎて萎えた,0,0,ijuin_sugaku,伊集院@数学,株式会社すうがくぶんかの伊集院です！数学や統計の授業をしています☺️数学好きな人もそうじゃない人も仲良くしてください🥺ハッシュタグつけ忘れ芸人,238,302,2021-12-18_09:46:15,,,,False
1634452003211595776,2023-03-11_16:11:38,はい!再来週やります!無料なのでお気軽にご参加ください,3,0,ijuin_sugaku,伊集院@数学,株式会社すうがくぶんかの伊集院です！数学や統計の授業をしています☺️数学好きな人もそうじゃない人も仲良くしてください🥺ハッシュタグつけ忘れ芸人,238,302,2021-12-18_09:46:15,,,,False
1634126877165244416,2023-03-10_18:39:42,あほすぎていろいろミスったごめんなさいいいいいいいい,1,0,ijuin_sugaku,伊集院@数学,株式会社すうがくぶんかの伊集院です！数学や統計の授業をしています☺️数学好きな人もそうじゃない人も仲良くしてください🥺ハッシュタグつけ忘れ芸人,238,302,2021-12-18_09:46:15,,,,False
1634058304145195010,2023-03-10_14:07:13,こないだ楕円曲線やった流れでmodular formの勉強ちゃんとしてみたい欲がきてるこれとか読めたらいいなって思うけどなかなか時間がない梁 ,0,0,ijuin_sugaku,伊集院@数学,株式会社すうがくぶんかの伊集院です！数学や統計の授業をしています☺️数学好きな人もそうじゃない人も仲良くしてください🥺ハッシュタグつけ忘れ芸人,238,302,2021-12-18_09:46:15,,,,False
1634012110354272256,2023-03-10_11:03:40,数学会久しぶりに行きたいなお祭りみあって楽しい襤,1,0,ijuin_sugaku,伊集院@数学,株式会社すうがくぶんかの伊集院です！数学や統計の授業をしています☺️数学好きな人もそうじゃない人も仲良くしてください🥺ハッシュタグつけ忘れ芸人,238,302,2021-12-18_09:46:15,,,,False
1632377130423308288,2023-03-05_22:46:50,太鼓の形の話を聞きながら、そういえば漸近挙動入門気になってたのに読んでないなーって思ったんだけど、調べたらもう売ってないらしいぴえ梁,0,0,ijuin_sugaku,伊集院@数学,株式会社すうがくぶんかの伊集院です！数学や統計の授業をしています☺️数学好きな人もそうじゃない人も仲良くしてください🥺ハッシュタグつけ忘れ芸人,238,302,2021-12-18_09:46:15,,,,False
1632376574636089344,2023-03-05_22:44:38,現代数学レクチャーシリーズのお手伝いしてきました!去年東工大のレクチャーシアターでしていただいたお話のパワーアップ版、楽しかったー!ご参加いただいた方、小野寺先生ありがとうございました#すうがくぶんか,1,0,ijuin_sugaku,伊集院@数学,株式会社すうがくぶんかの伊集院です！数学や統計の授業をしています☺️数学好きな人もそうじゃない人も仲良くしてください🥺ハッシュタグつけ忘れ芸人,238,302,2021-12-18_09:46:15,,,,False
1631993577961324545,2023-03-04_21:22:44,励みになります,0,0,ijuin_sugaku,伊集院@数学,株式会社すうがくぶんかの伊集院です！数学や統計の授業をしています☺️数学好きな人もそうじゃない人も仲良くしてください🥺ハッシュタグつけ忘れ芸人,238,302,2021-12-18_09:46:15,,,,False
1631816222982668290,2023-03-04_09:37:59,確認がてら各ページ見てるんですけど、めっちゃいい感じになりますよ! ,8,2,ijuin_sugaku,伊集院@数学,株式会社すうがくぶんかの伊集院です！数学や統計の授業をしています☺️数学好きな人もそうじゃない人も仲良くしてください🥺ハッシュタグつけ忘れ芸人,238,302,2021-12-18_09:46:15,,,,False
1631497875673989120,2023-03-03_12:32:59,終盤に下げちゃって悔しい春シーズンは0踏みたいなー,0,0,ijuin_sugaku,伊集院@数学,株式会社すうがくぶんかの伊集院です！数学や統計の授業をしています☺️数学好きな人もそうじゃない人も仲良くしてください🥺ハッシュタグつけ忘れ芸人,238,302,2021-12-18_09:46:15,,,,False
1631496730054365184,2023-03-03_12:28:26,最上位勢すごすぎる…,0,0,ijuin_sugaku,伊集院@数学,株式会社すうがくぶんかの伊集院です！数学や統計の授業をしています☺️数学好きな人もそうじゃない人も仲良くしてください🥺ハッシュタグつけ忘れ芸人,238,302,2021-12-18_09:46:15,,,,False
1631493818272055296,2023-03-03_12:16:52,ぴかぴかだ!かっこよ! ,0,0,ijuin_sugaku,伊集院@数学,株式会社すうがくぶんかの伊集院です！数学や統計の授業をしています☺️数学好きな人もそうじゃない人も仲良くしてください🥺ハッシュタグつけ忘れ芸人,238,302,2021-12-18_09:46:15,,,,False
1630528502620622848,2023-02-28_20:21:03,おはようからおやすみまで最適化してくれそう,1,0,ijuin_sugaku,伊集院@数学,株式会社すうがくぶんかの伊集院です！数学や統計の授業をしています☺️数学好きな人もそうじゃない人も仲良くしてください🥺ハッシュタグつけ忘れ芸人,238,302,2021-12-18_09:46:15,,,,False
1630528413395218436,2023-02-28_20:20:42,このLionさんってやつの存在をさっき教わったからちゃんと読んでみたいな,1,0,ijuin_sugaku,伊集院@数学,株式会社すうがくぶんかの伊集院です！数学や統計の授業をしています☺️数学好きな人もそうじゃない人も仲良くしてください🥺ハッシュタグつけ忘れ芸人,238,302,2021-12-18_09:46:15,,,,False
1630527294698819584,2023-02-28_20:16:15,白菜で塞出てくるんだけどこれ白菜?,0,0,ijuin_sugaku,伊集院@数学,株式会社すうがくぶんかの伊集院です！数学や統計の授業をしています☺️数学好きな人もそうじゃない人も仲良くしてください🥺ハッシュタグつけ忘れ芸人,238,302,2021-12-18_09:46:15,,,,False
1630527223706034176,2023-02-28_20:15:58,あるもの全部入れたら大変なことになった數塞,6,0,ijuin_sugaku,伊集院@数学,株式会社すうがくぶんかの伊集院です！数学や統計の授業をしています☺️数学好きな人もそうじゃない人も仲良くしてください🥺ハッシュタグつけ忘れ芸人,238,302,2021-12-18_09:46:15,,,,False
1630449637663604738,2023-02-28_15:07:40,花粉すごそう,0,0,ijuin_sugaku,伊集院@数学,株式会社すうがくぶんかの伊集院です！数学や統計の授業をしています☺️数学好きな人もそうじゃない人も仲良くしてください🥺ハッシュタグつけ忘れ芸人,238,302,2021-12-18_09:46:15,,,,False
1630449612283867137,2023-02-28_15:07:34,あったかいねー,0,0,ijuin_sugaku,伊集院@数学,株式会社すうがくぶんかの伊集院です！数学や統計の授業をしています☺️数学好きな人もそうじゃない人も仲良くしてください🥺ハッシュタグつけ忘れ芸人,238,302,2021-12-18_09:46:15,,,,False
1630202746602418178,2023-02-27_22:46:37,楽しい本!!オンデマンドになってるの知らなかった,3,0,ijuin_sugaku,伊集院@数学,株式会社すうがくぶんかの伊集院です！数学や統計の授業をしています☺️数学好きな人もそうじゃない人も仲良くしてください🥺ハッシュタグつけ忘れ芸人,238,302,2021-12-18_09:46:15,,,,False
1630202133147717635,2023-02-27_22:44:10,お医者さんから走るのもいいけど自転車漕ぐのも膝にやさしくていいよって言われて最近のジムはずっと漕いでるんだけど、上半身が暇すぎて漕ぎながら数学の本読みはじめちゃった,7,0,ijuin_sugaku,伊集院@数学,株式会社すうがくぶんかの伊集院です！数学や統計の授業をしています☺️数学好きな人もそうじゃない人も仲良くしてください🥺ハッシュタグつけ忘れ芸人,238,302,2021-12-18_09:46:15,,,,False
1629810276509040642,2023-02-26_20:47:04,スペースありがとうございましたー!0分って聞いてたのに0時間超えてて草社長の代数幾何と数理統計に対する情熱が聞けて面白かった,9,1,ijuin_sugaku,伊集院@数学,株式会社すうがくぶんかの伊集院です！数学や統計の授業をしています☺️数学好きな人もそうじゃない人も仲良くしてください🥺ハッシュタグつけ忘れ芸人,238,302,2021-12-18_09:46:15,,,,False
1629791269185798146,2023-02-26_19:31:33,スペースやりかたわからない,0,0,ijuin_sugaku,伊集院@数学,株式会社すうがくぶんかの伊集院です！数学や統計の授業をしています☺️数学好きな人もそうじゃない人も仲良くしてください🥺ハッシュタグつけ忘れ芸人,238,302,2021-12-18_09:46:15,,,,False
1629464866418466816,2023-02-25_21:54:32,ぜひにー,0,0,ijuin_sugaku,伊集院@数学,株式会社すうがくぶんかの伊集院です！数学や統計の授業をしています☺️数学好きな人もそうじゃない人も仲良くしてください🥺ハッシュタグつけ忘れ芸人,238,302,2021-12-18_09:46:15,,,,False
1629459884621307904,2023-02-25_21:34:45,はい!社長!お疲れ様会は飲酒可ですか!!! ,6,1,ijuin_sugaku,伊集院@数学,株式会社すうがくぶんかの伊集院です！数学や統計の授業をしています☺️数学好きな人もそうじゃない人も仲良くしてください🥺ハッシュタグつけ忘れ芸人,238,302,2021-12-18_09:46:15,,,,False
1629405382706892803,2023-02-25_17:58:10,整数論入門最終回!mod pでの解の個数を観察しましたー類0ヶ月間ありがとうございました#すうがくぶんか,4,1,ijuin_sugaku,伊集院@数学,株式会社すうがくぶんかの伊集院です！数学や統計の授業をしています☺️数学好きな人もそうじゃない人も仲良くしてください🥺ハッシュタグつけ忘れ芸人,238,302,2021-12-18_09:46:15,,,,False
1628366648427302912,2023-02-22_21:10:37,「数を一つ、心の中で決めてください」って言われてxとおく大人になってしまった…,3,0,ijuin_sugaku,伊集院@数学,株式会社すうがくぶんかの伊集院です！数学や統計の授業をしています☺️数学好きな人もそうじゃない人も仲良くしてください🥺ハッシュタグつけ忘れ芸人,238,302,2021-12-18_09:46:15,,,,False
1626860856578572288,2023-02-18_17:27:08,アップルペンシルをおしゃもじに持ち替えたー,2,0,ijuin_sugaku,伊集院@数学,株式会社すうがくぶんかの伊集院です！数学や統計の授業をしています☺️数学好きな人もそうじゃない人も仲良くしてください🥺ハッシュタグつけ忘れ芸人,238,302,2021-12-18_09:46:15,,,,False
1626860614143602688,2023-02-18_17:26:10,整数論入門も残りあと0回!引き続き楕円曲線してます☺️来週の最終回はmod pした点を観察してフェルマーの最終定理の話を少し香ってゴールです#すうがくぶんか#ちゃんとハッシュタグつけた,16,3,ijuin_sugaku,伊集院@数学,株式会社すうがくぶんかの伊集院です！数学や統計の授業をしています☺️数学好きな人もそうじゃない人も仲良くしてください🥺ハッシュタグつけ忘れ芸人,238,302,2021-12-18_09:46:15,,,,False
1625457571728625664,2023-02-14_20:30:59,はい!いただきます! ,8,0,ijuin_sugaku,伊集院@数学,株式会社すうがくぶんかの伊集院です！数学や統計の授業をしています☺️数学好きな人もそうじゃない人も仲良くしてください🥺ハッシュタグつけ忘れ芸人,238,302,2021-12-18_09:46:15,,,,False
1625457422965014528,2023-02-14_20:30:23,毎回イヤリング準備するのにつけるの忘れちゃう,0,0,ijuin_sugaku,伊集院@数学,株式会社すうがくぶんかの伊集院です！数学や統計の授業をしています☺️数学好きな人もそうじゃない人も仲良くしてください🥺ハッシュタグつけ忘れ芸人,238,302,2021-12-18_09:46:15,,,,False
1625451928070262785,2023-02-14_20:08:33,勉強会楽しかったー!チョコ配布bdtしてくる,4,0,ijuin_sugaku,伊集院@数学,株式会社すうがくぶんかの伊集院です！数学や統計の授業をしています☺️数学好きな人もそうじゃない人も仲良くしてください🥺ハッシュタグつけ忘れ芸人,238,302,2021-12-18_09:46:15,,,,False
1624780357274054656,2023-02-12_23:39:58,お米!いくら!みそすーぷ! ,7,0,ijuin_sugaku,伊集院@数学,株式会社すうがくぶんかの伊集院です！数学や統計の授業をしています☺️数学好きな人もそうじゃない人も仲良くしてください🥺ハッシュタグつけ忘れ芸人,238,302,2021-12-18_09:46:15,,,,False
1623609948319137792,2023-02-09_18:09:11,歌舞伎町に三平方の定理いた,9,0,ijuin_sugaku,伊集院@数学,株式会社すうがくぶんかの伊集院です！数学や統計の授業をしています☺️数学好きな人もそうじゃない人も仲良くしてください🥺ハッシュタグつけ忘れ芸人,238,302,2021-12-18_09:46:15,,,,False
1622256274074386433,2023-02-06_00:30:10,読まなきゃ,0,0,ijuin_sugaku,伊集院@数学,株式会社すうがくぶんかの伊集院です！数学や統計の授業をしています☺️数学好きな人もそうじゃない人も仲良くしてください🥺ハッシュタグつけ忘れ芸人,238,302,2021-12-18_09:46:15,,,,False
1622256248816275457,2023-02-06_00:30:04,タラレバ娘更新されてる!,1,0,ijuin_sugaku,伊集院@数学,株式会社すうがくぶんかの伊集院です！数学や統計の授業をしています☺️数学好きな人もそうじゃない人も仲良くしてください🥺ハッシュタグつけ忘れ芸人,238,302,2021-12-18_09:46:15,,,,False
1622247795133677569,2023-02-05_23:56:28,飲酒数学たのちい,5,0,ijuin_sugaku,伊集院@数学,株式会社すうがくぶんかの伊集院です！数学や統計の授業をしています☺️数学好きな人もそうじゃない人も仲良くしてください🥺ハッシュタグつけ忘れ芸人,238,302,2021-12-18_09:46:15,,,,False
1621085838854725633,2023-02-02_18:59:16,僅少、きんしょう…って言ってたらカレー食べたくなってきた,0,0,ijuin_sugaku,伊集院@数学,株式会社すうがくぶんかの伊集院です！数学や統計の授業をしています☺️数学好きな人もそうじゃない人も仲良くしてください🥺ハッシュタグつけ忘れ芸人,238,302,2021-12-18_09:46:15,,,,False
1621079719100964864,2023-02-02_18:34:57,スクショには写らない悲しさがあるから,0,0,ijuin_sugaku,伊集院@数学,株式会社すうがくぶんかの伊集院です！数学や統計の授業をしています☺️数学好きな人もそうじゃない人も仲良くしてください🥺ハッシュタグつけ忘れ芸人,238,302,2021-12-18_09:46:15,,,,False
1621078303728873473,2023-02-02_18:29:20,ああああーiPhoneの画面変になってる!!!!さっき落としたからだ!!!,0,0,ijuin_sugaku,伊集院@数学,株式会社すうがくぶんかの伊集院です！数学や統計の授業をしています☺️数学好きな人もそうじゃない人も仲良くしてください🥺ハッシュタグつけ忘れ芸人,238,302,2021-12-18_09:46:15,,,,False
1621058169350025216,2023-02-02_17:09:20,本屋さん、上のフロアの数学コーナーがメインの目的でも階段使って他のフロア眺めちゃう楽しい,1,0,ijuin_sugaku,伊集院@数学,株式会社すうがくぶんかの伊集院です！数学や統計の授業をしています☺️数学好きな人もそうじゃない人も仲良くしてください🥺ハッシュタグつけ忘れ芸人,238,302,2021-12-18_09:46:15,,,,False
1621057031552790528,2023-02-02_17:04:48,「僅少」、読めない,1,0,ijuin_sugaku,伊集院@数学,株式会社すうがくぶんかの伊集院です！数学や統計の授業をしています☺️数学好きな人もそうじゃない人も仲良くしてください🥺ハッシュタグつけ忘れ芸人,238,302,2021-12-18_09:46:15,,,,False
1621056455129591809,2023-02-02_17:02:31,書泉グランデさん行ってきましたー僅少本めっちゃ減ってたけど買えたよやったね襤遅ればせながらグリーン・タオの定理もげっとです,31,6,ijuin_sugaku,伊集院@数学,株式会社すうがくぶんかの伊集院です！数学や統計の授業をしています☺️数学好きな人もそうじゃない人も仲良くしてください🥺ハッシュタグつけ忘れ芸人,238,302,2021-12-18_09:46:15,,,,False
1620718025359110145,2023-02-01_18:37:43,あああああああディズニー行きたいいいいいいいいい耳つけてポップコーンぶら下げたいいいいいいいい,1,0,ijuin_sugaku,伊集院@数学,株式会社すうがくぶんかの伊集院です！数学や統計の授業をしています☺️数学好きな人もそうじゃない人も仲良くしてください🥺ハッシュタグつけ忘れ芸人,238,302,2021-12-18_09:46:15,,,,False
1620666952682442752,2023-02-01_15:14:46,わわわ!!行かなきゃ!!!,1,0,ijuin_sugaku,伊集院@数学,株式会社すうがくぶんかの伊集院です！数学や統計の授業をしています☺️数学好きな人もそうじゃない人も仲良くしてください🥺ハッシュタグつけ忘れ芸人,238,302,2021-12-18_09:46:15,,,,False
1620393159812579328,2023-01-31_21:06:49,いつからa≠0のことをaはノンゼロって発音するようになったんだろな,0,0,ijuin_sugaku,伊集院@数学,株式会社すうがくぶんかの伊集院です！数学や統計の授業をしています☺️数学好きな人もそうじゃない人も仲良くしてください🥺ハッシュタグつけ忘れ芸人,238,302,2021-12-18_09:46:15,,,,False
1619610529001250816,2023-01-29_17:16:55,ぐちゃぐちゃな作業机の上を最適化したい,6,0,ijuin_sugaku,伊集院@数学,株式会社すうがくぶんかの伊集院です！数学や統計の授業をしています☺️数学好きな人もそうじゃない人も仲良くしてください🥺ハッシュタグつけ忘れ芸人,238,302,2021-12-18_09:46:15,,,,False
1619608368930516992,2023-01-29_17:08:20,まだ前半見てなかった見なきゃ!録画受講引き続き受付中なのでぜひぜひー,5,2,ijuin_sugaku,伊集院@数学,株式会社すうがくぶんかの伊集院です！数学や統計の授業をしています☺️数学好きな人もそうじゃない人も仲良くしてください🥺ハッシュタグつけ忘れ芸人,238,302,2021-12-18_09:46:15,,,,False
1619607455201394689,2023-01-29_17:04:42,加工して遊んでると投稿するの遅くなっちゃう,1,0,ijuin_sugaku,伊集院@数学,株式会社すうがくぶんかの伊集院です！数学や統計の授業をしています☺️数学好きな人もそうじゃない人も仲良くしてください🥺ハッシュタグつけ忘れ芸人,238,302,2021-12-18_09:46:15,,,,False
1619605676178935808,2023-01-29_16:57:38,昨日の整数論入門はフェルマーの最終定理のn=0しましたー解をこねこねして新しい解を作る系のお話楽しい襤#すうがくぶんか,15,2,ijuin_sugaku,伊集院@数学,株式会社すうがくぶんかの伊集院です！数学や統計の授業をしています☺️数学好きな人もそうじゃない人も仲良くしてください🥺ハッシュタグつけ忘れ芸人,238,302,2021-12-18_09:46:15,,,,False
1619563803339001858,2023-01-29_14:11:15,物価上昇を感じる,4,0,ijuin_sugaku,伊集院@数学,株式会社すうがくぶんかの伊集院です！数学や統計の授業をしています☺️数学好きな人もそうじゃない人も仲良くしてください🥺ハッシュタグつけ忘れ芸人,238,302,2021-12-18_09:46:15,,,,False
1618864344695185409,2023-01-27_15:51:51,ブラウニーもらったー! ,5,0,ijuin_sugaku,伊集院@数学,株式会社すうがくぶんかの伊集院です！数学や統計の授業をしています☺️数学好きな人もそうじゃない人も仲良くしてください🥺ハッシュタグつけ忘れ芸人,238,302,2021-12-18_09:46:15,,,,False
1618431592531365890,2023-01-26_11:12:15,山本せんせがくれたお土産八つ橋うまうま,2,1,ijuin_sugaku,伊集院@数学,株式会社すうがくぶんかの伊集院です！数学や統計の授業をしています☺️数学好きな人もそうじゃない人も仲良くしてください🥺ハッシュタグつけ忘れ芸人,238,302,2021-12-18_09:46:15,,,,False
1618431338574663683,2023-01-26_11:11:14,八つ橋だー,4,1,ijuin_sugaku,伊集院@数学,株式会社すうがくぶんかの伊集院です！数学や統計の授業をしています☺️数学好きな人もそうじゃない人も仲良くしてください🥺ハッシュタグつけ忘れ芸人,238,302,2021-12-18_09:46:15,,,,False
1618416546954752006,2023-01-26_10:12:28,原作も映画も最高だった,0,0,ijuin_sugaku,伊集院@数学,株式会社すうがくぶんかの伊集院です！数学や統計の授業をしています☺️数学好きな人もそうじゃない人も仲良くしてください🥺ハッシュタグつけ忘れ芸人,238,302,2021-12-18_09:46:15,,,,False
1617669152902385665,2023-01-24_08:42:35,みんな大好き圏論,0,0,ijuin_sugaku,伊集院@数学,株式会社すうがくぶんかの伊集院です！数学や統計の授業をしています☺️数学好きな人もそうじゃない人も仲良くしてください🥺ハッシュタグつけ忘れ芸人,238,302,2021-12-18_09:46:15,,,,False
1617442816766152705,2023-01-23_17:43:12,羽生先生たこ焼き焼いてるのかわいい,0,0,ijuin_sugaku,伊集院@数学,株式会社すうがくぶんかの伊集院です！数学や統計の授業をしています☺️数学好きな人もそうじゃない人も仲良くしてください🥺ハッシュタグつけ忘れ芸人,238,302,2021-12-18_09:46:15,,,,False
1617378911175979008,2023-01-23_13:29:16,デレデレしながら手振っちゃったけど急に知らん人いて怖かったよねごめんね,3,0,ijuin_sugaku,伊集院@数学,株式会社すうがくぶんかの伊集院です！数学や統計の授業をしています☺️数学好きな人もそうじゃない人も仲良くしてください🥺ハッシュタグつけ忘れ芸人,238,302,2021-12-18_09:46:15,,,,False
1617378732691558401,2023-01-23_13:28:33,zoomで受講相談をしてると赤ちゃん同席なことがあってにこにこしちゃう,4,0,ijuin_sugaku,伊集院@数学,株式会社すうがくぶんかの伊集院です！数学や統計の授業をしています☺️数学好きな人もそうじゃない人も仲良くしてください🥺ハッシュタグつけ忘れ芸人,238,302,2021-12-18_09:46:15,,,,False
1617063981805637632,2023-01-22_16:37:51,あああああ授業でこれ見せればよかっためっちゃ華麗に同型構成できてるじゃん,3,0,ijuin_sugaku,伊集院@数学,株式会社すうがくぶんかの伊集院です！数学や統計の授業をしています☺️数学好きな人もそうじゃない人も仲良くしてください🥺ハッシュタグつけ忘れ芸人,238,302,2021-12-18_09:46:15,,,,False
1616115053341863936,2023-01-20_01:47:09,明日も授業だはやく寝よ,1,0,ijuin_sugaku,伊集院@数学,株式会社すうがくぶんかの伊集院です！数学や統計の授業をしています☺️数学好きな人もそうじゃない人も仲良くしてください🥺ハッシュタグつけ忘れ芸人,238,302,2021-12-18_09:46:15,,,,False
1616115002095857664,2023-01-20_01:46:57,新年会行ってから山本せんせーと内場せんせーに遊んでもらったあざしたー,7,1,ijuin_sugaku,伊集院@数学,株式会社すうがくぶんかの伊集院です！数学や統計の授業をしています☺️数学好きな人もそうじゃない人も仲良くしてください🥺ハッシュタグつけ忘れ芸人,238,302,2021-12-18_09:46:15,,,,False
1615026022059216897,2023-01-17_01:39:44,ふっ…計算通り…(眼鏡くいっ)ってしたい,0,0,ijuin_sugaku,伊集院@数学,株式会社すうがくぶんかの伊集院です！数学や統計の授業をしています☺️数学好きな人もそうじゃない人も仲良くしてください🥺ハッシュタグつけ忘れ芸人,238,302,2021-12-18_09:46:15,,,,False
1615025881554251776,2023-01-17_01:39:10,次バスケしたらめっちゃシュート決められるようになってると思う,0,0,ijuin_sugaku,伊集院@数学,株式会社すうがくぶんかの伊集院です！数学や統計の授業をしています☺️数学好きな人もそうじゃない人も仲良くしてください🥺ハッシュタグつけ忘れ芸人,238,302,2021-12-18_09:46:15,,,,False
1615025775635476481,2023-01-17_01:38:45,共通テスト解いてみたー読む量多いいいい,0,0,ijuin_sugaku,伊集院@数学,株式会社すうがくぶんかの伊集院です！数学や統計の授業をしています☺️数学好きな人もそうじゃない人も仲良くしてください🥺ハッシュタグつけ忘れ芸人,238,302,2021-12-18_09:46:15,,,,False
1614585584751869956,2023-01-15_20:29:35,ばんごはんつくりすぎた…,0,0,ijuin_sugaku,伊集院@数学,株式会社すうがくぶんかの伊集院です！数学や統計の授業をしています☺️数学好きな人もそうじゃない人も仲良くしてください🥺ハッシュタグつけ忘れ芸人,238,302,2021-12-18_09:46:15,,,,False
1614253712549244930,2023-01-14_22:30:51,うちのタコちゃんもかわいい,0,0,ijuin_sugaku,伊集院@数学,株式会社すうがくぶんかの伊集院です！数学や統計の授業をしています☺️数学好きな人もそうじゃない人も仲良くしてください🥺ハッシュタグつけ忘れ芸人,238,302,2021-12-18_09:46:15,,,,False
1614249067424673792,2023-01-14_22:12:23,かわいい,0,0,ijuin_sugaku,伊集院@数学,株式会社すうがくぶんかの伊集院です！数学や統計の授業をしています☺️数学好きな人もそうじゃない人も仲良くしてください🥺ハッシュタグつけ忘れ芸人,238,302,2021-12-18_09:46:15,,,,False
1614247977891278853,2023-01-14_22:08:03,スプラトゥーンの敵が青インクだときついって話を会議中に熱く語ってしまった,0,0,ijuin_sugaku,伊集院@数学,株式会社すうがくぶんかの伊集院です！数学や統計の授業をしています☺️数学好きな人もそうじゃない人も仲良くしてください🥺ハッシュタグつけ忘れ芸人,238,302,2021-12-18_09:46:15,,,,False
1614183150854475776,2023-01-14_17:50:27,ちっちゃい謎生物がいるww,2,0,ijuin_sugaku,伊集院@数学,株式会社すうがくぶんかの伊集院です！数学や統計の授業をしています☺️数学好きな人もそうじゃない人も仲良くしてください🥺ハッシュタグつけ忘れ芸人,238,302,2021-12-18_09:46:15,,,,False
1614182487974109186,2023-01-14_17:47:49,本日の整数論入門!平方剰余の相互法則に向けて爆進中高校数学でもここまでやれたらめっちゃおもしろいのになぁどうしたって時間足り無さそうなのが悔やまれる#すうがくぶんか,11,1,ijuin_sugaku,伊集院@数学,株式会社すうがくぶんかの伊集院です！数学や統計の授業をしています☺️数学好きな人もそうじゃない人も仲良くしてください🥺ハッシュタグつけ忘れ芸人,238,302,2021-12-18_09:46:15,,,,False
1614040340931182592,2023-01-14_08:22:59,共通テスト!みなさん実力が出せるようお祈りしています,3,0,ijuin_sugaku,伊集院@数学,株式会社すうがくぶんかの伊集院です！数学や統計の授業をしています☺️数学好きな人もそうじゃない人も仲良くしてください🥺ハッシュタグつけ忘れ芸人,238,302,2021-12-18_09:46:15,,,,False
1613485374931865600,2023-01-12_19:37:45,今日もせっせと教材作成,4,0,ijuin_sugaku,伊集院@数学,株式会社すうがくぶんかの伊集院です！数学や統計の授業をしています☺️数学好きな人もそうじゃない人も仲良くしてください🥺ハッシュタグつけ忘れ芸人,238,302,2021-12-18_09:46:15,,,,False
1613483996184465409,2023-01-12_19:32:16,同じ服が増えていく…,4,0,ijuin_sugaku,伊集院@数学,株式会社すうがくぶんかの伊集院です！数学や統計の授業をしています☺️数学好きな人もそうじゃない人も仲良くしてください🥺ハッシュタグつけ忘れ芸人,238,302,2021-12-18_09:46:15,,,,False
1610591864046116869,2023-01-04_19:59:58,お年玉の相場わかんねーって毎年思ってる,0,0,ijuin_sugaku,伊集院@数学,株式会社すうがくぶんかの伊集院です！数学や統計の授業をしています☺️数学好きな人もそうじゃない人も仲良くしてください🥺ハッシュタグつけ忘れ芸人,238,302,2021-12-18_09:46:15,,,,False
1610590475358199809,2023-01-04_19:54:27,面白そうだけど0円までしかあげたことないからこれやったら増額の確率の方が高かった,0,0,ijuin_sugaku,伊集院@数学,株式会社すうがくぶんかの伊集院です！数学や統計の授業をしています☺️数学好きな人もそうじゃない人も仲良くしてください🥺ハッシュタグつけ忘れ芸人,238,302,2021-12-18_09:46:15,,,,False
1610547051955355648,2023-01-04_17:01:54,お買い物行ったのに計算用紙買うの忘れた人はい,0,0,ijuin_sugaku,伊集院@数学,株式会社すうがくぶんかの伊集院です！数学や統計の授業をしています☺️数学好きな人もそうじゃない人も仲良くしてください🥺ハッシュタグつけ忘れ芸人,238,302,2021-12-18_09:46:15,,,,False
1608762719276240900,2022-12-30_18:51:36,はあもうかわいい,1,0,ijuin_sugaku,伊集院@数学,株式会社すうがくぶんかの伊集院です！数学や統計の授業をしています☺️数学好きな人もそうじゃない人も仲良くしてください🥺ハッシュタグつけ忘れ芸人,238,302,2021-12-18_09:46:15,,,,False
1608762414706888706,2022-12-30_18:50:23,帰省するまで開封待ってくれてたらしいかわいくてはげそう,2,0,ijuin_sugaku,伊集院@数学,株式会社すうがくぶんかの伊集院です！数学や統計の授業をしています☺️数学好きな人もそうじゃない人も仲良くしてください🥺ハッシュタグつけ忘れ芸人,238,302,2021-12-18_09:46:15,1608762237594005504,1472005191809781762,,False
1608762237594005504,2022-12-30_18:49:41,サンタさんにもらったポケモンカードの開封の儀をする甥っ子くんウルトラぷりてぃ殺,4,0,ijuin_sugaku,伊集院@数学,株式会社すうがくぶんかの伊集院です！数学や統計の授業をしています☺️数学好きな人もそうじゃない人も仲良くしてください🥺ハッシュタグつけ忘れ芸人,238,302,2021-12-18_09:46:15,,,,False
1608760834385416198,2022-12-30_18:44:06,お酒を飲むと数学したくなるよねわかる,4,0,ijuin_sugaku,伊集院@数学,株式会社すうがくぶんかの伊集院です！数学や統計の授業をしています☺️数学好きな人もそうじゃない人も仲良くしてください🥺ハッシュタグつけ忘れ芸人,238,302,2021-12-18_09:46:15,,,,False
1608108162795855878,2022-12-28_23:30:37,東京帰ってきたー!!0週間帰らなかったけどちゃんと家あるかなぁ,0,0,ijuin_sugaku,伊集院@数学,株式会社すうがくぶんかの伊集院です！数学や統計の授業をしています☺️数学好きな人もそうじゃない人も仲良くしてください🥺ハッシュタグつけ忘れ芸人,238,302,2021-12-18_09:46:15,,,,False
1606619539667841025,2022-12-24_20:55:22,ポテサラクリスマスツリーおいしかったー,15,1,ijuin_sugaku,伊集院@数学,株式会社すうがくぶんかの伊集院です！数学や統計の授業をしています☺️数学好きな人もそうじゃない人も仲良くしてください🥺ハッシュタグつけ忘れ芸人,238,302,2021-12-18_09:46:15,,,,False
1606473515036999680,2022-12-24_11:15:07,やこびあん,11,2,ijuin_sugaku,伊集院@数学,株式会社すうがくぶんかの伊集院です！数学や統計の授業をしています☺️数学好きな人もそうじゃない人も仲良くしてください🥺ハッシュタグつけ忘れ芸人,238,302,2021-12-18_09:46:15,,,,False
1606470721898971137,2022-12-24_11:04:01,車掌さんにもらった新幹線カードドヤ顔で見せてくれた!!!かわいい!!!!!!,1,0,ijuin_sugaku,伊集院@数学,株式会社すうがくぶんかの伊集院です！数学や統計の授業をしています☺️数学好きな人もそうじゃない人も仲良くしてください🥺ハッシュタグつけ忘れ芸人,238,302,2021-12-18_09:46:15,1606466298510454785,1472005191809781762,,False
1606466612055674881,2022-12-24_10:47:41,梅崎先生の娘さんもウルトラ天使だった☺️☺️☺️☺️☺️☺️,3,0,ijuin_sugaku,伊集院@数学,株式会社すうがくぶんかの伊集院です！数学や統計の授業をしています☺️数学好きな人もそうじゃない人も仲良くしてください🥺ハッシュタグつけ忘れ芸人,238,302,2021-12-18_09:46:15,,,,False
1606466298510454785,2022-12-24_10:46:26,新幹線乗ったら前の席にいた知らない子に遊んでもらってるかわいい☺️,6,0,ijuin_sugaku,伊集院@数学,株式会社すうがくぶんかの伊集院です！数学や統計の授業をしています☺️数学好きな人もそうじゃない人も仲良くしてください🥺ハッシュタグつけ忘れ芸人,238,302,2021-12-18_09:46:15,,,,False
1606063900360835072,2022-12-23_08:07:27,めっちゃ朝ごはんたべたー,0,0,ijuin_sugaku,伊集院@数学,株式会社すうがくぶんかの伊集院です！数学や統計の授業をしています☺️数学好きな人もそうじゃない人も仲良くしてください🥺ハッシュタグつけ忘れ芸人,238,302,2021-12-18_09:46:15,,,,False
1605829128103395328,2022-12-22_16:34:33,わあ!PyTorch版!!買います!!!!!(ง˘ω˘)ว(ง˘ω˘)ว,2,0,ijuin_sugaku,伊集院@数学,株式会社すうがくぶんかの伊集院です！数学や統計の授業をしています☺️数学好きな人もそうじゃない人も仲良くしてください🥺ハッシュタグつけ忘れ芸人,238,302,2021-12-18_09:46:15,,,,False
1605811054197489664,2022-12-22_15:22:44,めっちゃ山だった,0,0,ijuin_sugaku,伊集院@数学,株式会社すうがくぶんかの伊集院です！数学や統計の授業をしています☺️数学好きな人もそうじゃない人も仲良くしてください🥺ハッシュタグつけ忘れ芸人,238,302,2021-12-18_09:46:15,,,,False
1605786255740276737,2022-12-22_13:44:12,電車でカリキュラム作っててふと顔上げたらめっちゃ山の中だった,1,0,ijuin_sugaku,伊集院@数学,株式会社すうがくぶんかの伊集院です！数学や統計の授業をしています☺️数学好きな人もそうじゃない人も仲良くしてください🥺ハッシュタグつけ忘れ芸人,238,302,2021-12-18_09:46:15,,,,False
1605066693726072833,2022-12-20_14:04:55,サポートベクトルマシンの本もすごくよさげ授業計画するときにめっちゃ参考になりそう,1,0,ijuin_sugaku,伊集院@数学,株式会社すうがくぶんかの伊集院です！数学や統計の授業をしています☺️数学好きな人もそうじゃない人も仲良くしてください🥺ハッシュタグつけ忘れ芸人,238,302,2021-12-18_09:46:15,1604826599375110144,1472005191809781762,,False
1604826599375110144,2022-12-19_22:10:52,はじぱた続編!!!! ,24,5,ijuin_sugaku,伊集院@数学,株式会社すうがくぶんかの伊集院です！数学や統計の授業をしています☺️数学好きな人もそうじゃない人も仲良くしてください🥺ハッシュタグつけ忘れ芸人,238,302,2021-12-18_09:46:15,,,,False
1604824248660676609,2022-12-19_22:01:31,なんなの指数分布なの,3,0,ijuin_sugaku,伊集院@数学,株式会社すうがくぶんかの伊集院です！数学や統計の授業をしています☺️数学好きな人もそうじゃない人も仲良くしてください🥺ハッシュタグつけ忘れ芸人,238,302,2021-12-18_09:46:15,,,,False
1604824079739277313,2022-12-19_22:00:51,キッチンの電球切れちゃってぬーんってしてたらトイレの電球も切れた,1,0,ijuin_sugaku,伊集院@数学,株式会社すうがくぶんかの伊集院です！数学や統計の授業をしています☺️数学好きな人もそうじゃない人も仲良くしてください🥺ハッシュタグつけ忘れ芸人,238,302,2021-12-18_09:46:15,,,,False
1603996044651790336,2022-12-17_15:10:32,わい「スプラのフェス、どこにする?アカウント0つあるから合わせられるよ」友人「私も0つあるから適当にしても被るね」わい(鳩の巣原理だ…),2,0,ijuin_sugaku,伊集院@数学,株式会社すうがくぶんかの伊集院です！数学や統計の授業をしています☺️数学好きな人もそうじゃない人も仲良くしてください🥺ハッシュタグつけ忘れ芸人,238,302,2021-12-18_09:46:15,,,,False
1603274370071547904,2022-12-15_15:22:51,すうがくぶんか講師勉強会、最近は環論やってますほのぼのな雰囲気でとてもよき#すうがくぶんか,14,1,ijuin_sugaku,伊集院@数学,株式会社すうがくぶんかの伊集院です！数学や統計の授業をしています☺️数学好きな人もそうじゃない人も仲良くしてください🥺ハッシュタグつけ忘れ芸人,238,302,2021-12-18_09:46:15,,,,False
1602226280279470080,2022-12-12_17:58:07,あ、ちなみに次回からのテーマは平方剰余です。実数の範囲では0乗して-0になる数はないと高校数学で習いますが、mod0では0^0≡-0、です樂こんな合同式の謎ムーブの裏にも秩序が隠されていることを見ていきます#すうがくぶんか…,7,2,ijuin_sugaku,伊集院@数学,株式会社すうがくぶんかの伊集院です！数学や統計の授業をしています☺️数学好きな人もそうじゃない人も仲良くしてください🥺ハッシュタグつけ忘れ芸人,238,302,2021-12-18_09:46:15,,,,False
1602220701590917120,2022-12-12_17:35:57,スペースシューターくらいブレてる,0,0,ijuin_sugaku,伊集院@数学,株式会社すうがくぶんかの伊集院です！数学や統計の授業をしています☺️数学好きな人もそうじゃない人も仲良くしてください🥺ハッシュタグつけ忘れ芸人,238,302,2021-12-18_09:46:15,,,,False
1602220625208438784,2022-12-12_17:35:39,髪切った記録を残そうと思って撮った写真が全部ぶれまくっててわろてる,0,0,ijuin_sugaku,伊集院@数学,株式会社すうがくぶんかの伊集院です！数学や統計の授業をしています☺️数学好きな人もそうじゃない人も仲良くしてください🥺ハッシュタグつけ忘れ芸人,238,302,2021-12-18_09:46:15,,,,False
1602135606414708736,2022-12-12_11:57:49,整数論入門の予習もりもり次回から新しい内容に入るので楽しみです☺️先週は素数や0n+0型の素数が無限にあることを証明しました,15,4,ijuin_sugaku,伊集院@数学,株式会社すうがくぶんかの伊集院です！数学や統計の授業をしています☺️数学好きな人もそうじゃない人も仲良くしてください🥺ハッシュタグつけ忘れ芸人,238,302,2021-12-18_09:46:15,,,,False
1600674952935804930,2022-12-08_11:13:42,来期の準備がじわじわ進んでる楽しみ襤,0,0,ijuin_sugaku,伊集院@数学,株式会社すうがくぶんかの伊集院です！数学や統計の授業をしています☺️数学好きな人もそうじゃない人も仲良くしてください🥺ハッシュタグつけ忘れ芸人,238,302,2021-12-18_09:46:15,,,,False
1598607105224744962,2022-12-02_18:16:49,ぐぐって出てきたやつ以外にも弊社のYouTube動画から切り出してデータ集め頑張ってたみたいですフォルダが内場ガチ恋勢みたいになっててすごい,4,0,ijuin_sugaku,伊集院@数学,株式会社すうがくぶんかの伊集院です！数学や統計の授業をしています☺️数学好きな人もそうじゃない人も仲良くしてください🥺ハッシュタグつけ忘れ芸人,238,302,2021-12-18_09:46:15,1598558342259281922,1472005191809781762,,False
1598558645390028800,2022-12-02_15:04:15,結構ちゃんと当たってておおーってなったけど坂本龍馬が内場先生判定されてて謎似てるのかな樂,6,2,ijuin_sugaku,伊集院@数学,株式会社すうがくぶんかの伊集院です！数学や統計の授業をしています☺️数学好きな人もそうじゃない人も仲良くしてください🥺ハッシュタグつけ忘れ芸人,238,302,2021-12-18_09:46:15,1598558342259281922,1472005191809781762,,False
1598558342259281922,2022-12-02_15:03:03,機械学習の輪読で弊社社長の画像を畳み込みニューラルネットで判別する発表をしていただきました集めたデータのインパクトw#すうがくぶんか,27,5,ijuin_sugaku,伊集院@数学,株式会社すうがくぶんかの伊集院です！数学や統計の授業をしています☺️数学好きな人もそうじゃない人も仲良くしてください🥺ハッシュタグつけ忘れ芸人,238,302,2021-12-18_09:46:15,,,,False
1597756871506825216,2022-11-30_09:58:17,学部0年の夏はアティマクにほとんど使ったしその後も何度も勉強会やってるしとても長い付き合い,2,0,ijuin_sugaku,伊集院@数学,株式会社すうがくぶんかの伊集院です！数学や統計の授業をしています☺️数学好きな人もそうじゃない人も仲良くしてください🥺ハッシュタグつけ忘れ芸人,238,302,2021-12-18_09:46:15,,,,False
1597756095745118208,2022-11-30_09:55:12,もう何度目かわからないアティマクを読む機会が発生しててうれしい☺️,4,0,ijuin_sugaku,伊集院@数学,株式会社すうがくぶんかの伊集院です！数学や統計の授業をしています☺️数学好きな人もそうじゃない人も仲良くしてください🥺ハッシュタグつけ忘れ芸人,238,302,2021-12-18_09:46:15,,,,False
1597150818607988737,2022-11-28_17:50:03,びわカントリーマアムご馳走様です☺️,2,0,ijuin_sugaku,伊集院@数学,株式会社すうがくぶんかの伊集院です！数学や統計の授業をしています☺️数学好きな人もそうじゃない人も仲良くしてください🥺ハッシュタグつけ忘れ芸人,238,302,2021-12-18_09:46:15,,,,False
1596850261473251328,2022-11-27_21:55:45,イヤホン買うの忘れてたー走りながら音楽聴こうと思ってたのに,0,0,ijuin_sugaku,伊集院@数学,株式会社すうがくぶんかの伊集院です！数学や統計の授業をしています☺️数学好きな人もそうじゃない人も仲良くしてください🥺ハッシュタグつけ忘れ芸人,238,302,2021-12-18_09:46:15,,,,False
1596848515480944641,2022-11-27_21:48:48,西郷先生ありがとうございました!今録画で拝見させていただいています指数関数に絡めて準同型や位相空間など本格的な話題もでてきますが、不思議とするするきけてしまう講義です録画販売ありますので皆さまも是非#すうがくぶんか,2,0,ijuin_sugaku,伊集院@数学,株式会社すうがくぶんかの伊集院です！数学や統計の授業をしています☺️数学好きな人もそうじゃない人も仲良くしてください🥺ハッシュタグつけ忘れ芸人,238,302,2021-12-18_09:46:15,,,,False
1596461418949509122,2022-11-26_20:10:37,「藤井竜王がタイトル戦の七番勝負で0敗するのは初めてです」さらっとえぐいこと書いてあって笑っちゃう,3,2,ijuin_sugaku,伊集院@数学,株式会社すうがくぶんかの伊集院です！数学や統計の授業をしています☺️数学好きな人もそうじゃない人も仲良くしてください🥺ハッシュタグつけ忘れ芸人,238,302,2021-12-18_09:46:15,,,,False
1595250815555751936,2022-11-23_12:00:07,ガウス、登録はその位置だけど全ポジションできそう自分で奪ってキープしてセンタリング上げてゴールまで決めそう,4,1,ijuin_sugaku,伊集院@数学,株式会社すうがくぶんかの伊集院です！数学や統計の授業をしています☺️数学好きな人もそうじゃない人も仲良くしてください🥺ハッシュタグつけ忘れ芸人,238,302,2021-12-18_09:46:15,,,,False
1594681025955008513,2022-11-21_22:15:58,最近またコピュラについて聞かれるし、腰据えて勉強しようかな,0,0,ijuin_sugaku,伊集院@数学,株式会社すうがくぶんかの伊集院です！数学や統計の授業をしています☺️数学好きな人もそうじゃない人も仲良くしてください🥺ハッシュタグつけ忘れ芸人,238,302,2021-12-18_09:46:15,,,,False
1594597282531663872,2022-11-21_16:43:12,電車中とかでめっちゃ見ちゃう,0,0,ijuin_sugaku,伊集院@数学,株式会社すうがくぶんかの伊集院です！数学や統計の授業をしています☺️数学好きな人もそうじゃない人も仲良くしてください🥺ハッシュタグつけ忘れ芸人,238,302,2021-12-18_09:46:15,,,,False
1594596396992450561,2022-11-21_16:39:41,数学の動画出してる人たちすごいなぁ,0,0,ijuin_sugaku,伊集院@数学,株式会社すうがくぶんかの伊集院です！数学や統計の授業をしています☺️数学好きな人もそうじゃない人も仲良くしてください🥺ハッシュタグつけ忘れ芸人,238,302,2021-12-18_09:46:15,,,,False
1594319616389808132,2022-11-20_22:19:52,冬服でもこもこしたい季節,0,0,ijuin_sugaku,伊集院@数学,株式会社すうがくぶんかの伊集院です！数学や統計の授業をしています☺️数学好きな人もそうじゃない人も仲良くしてください🥺ハッシュタグつけ忘れ芸人,238,302,2021-12-18_09:46:15,,,,False
1594318653507653637,2022-11-20_22:16:02,イルミネーションの季節だねぇ☺️(寒がりながら帰ってる) ,1,0,ijuin_sugaku,伊集院@数学,株式会社すうがくぶんかの伊集院です！数学や統計の授業をしています☺️数学好きな人もそうじゃない人も仲良くしてください🥺ハッシュタグつけ忘れ芸人,238,302,2021-12-18_09:46:15,,,,False
1594316381834870786,2022-11-20_22:07:01,とりあえず目次見て丸の内ロジスティックでふふってなった人、自分だけじゃないはず,3,0,ijuin_sugaku,伊集院@数学,株式会社すうがくぶんかの伊集院です！数学や統計の授業をしています☺️数学好きな人もそうじゃない人も仲良くしてください🥺ハッシュタグつけ忘れ芸人,238,302,2021-12-18_09:46:15,,,,False
1594316070294523904,2022-11-20_22:05:46,来週開催の西郷先生による「指数関数うらばなし」もめちゃくちゃ楽しいお話が聞けそうで楽しみです皆さまお時間ありましたら是非(録画もあります!) ,6,1,ijuin_sugaku,伊集院@数学,株式会社すうがくぶんかの伊集院です！数学や統計の授業をしています☺️数学好きな人もそうじゃない人も仲良くしてください🥺ハッシュタグつけ忘れ芸人,238,302,2021-12-18_09:46:15,,,,False
1594314053677375489,2022-11-20_21:57:45,圏論の地平線、まだ読み途中だけどどこから読んでもみんな違ってみんな面白いし、全部聞き手されてる西郷先生がスーパーすぎてびっくりする,13,2,ijuin_sugaku,伊集院@数学,株式会社すうがくぶんかの伊集院です！数学や統計の授業をしています☺️数学好きな人もそうじゃない人も仲良くしてください🥺ハッシュタグつけ忘れ芸人,238,302,2021-12-18_09:46:15,,,,False
1593992370655465483,2022-11-20_00:39:30,元気に一年過ごしてくれてまた祝わせてもらえることがありがたいのですよ,0,0,ijuin_sugaku,伊集院@数学,株式会社すうがくぶんかの伊集院です！数学や統計の授業をしています☺️数学好きな人もそうじゃない人も仲良くしてください🥺ハッシュタグつけ忘れ芸人,238,302,2021-12-18_09:46:15,1593991133436477440,1472005191809781762,,False
1593991133436477440,2022-11-20_00:34:35,大切な友達の誕生日祝えてよかったー,4,0,ijuin_sugaku,伊集院@数学,株式会社すうがくぶんかの伊集院です！数学や統計の授業をしています☺️数学好きな人もそうじゃない人も仲良くしてください🥺ハッシュタグつけ忘れ芸人,238,302,2021-12-18_09:46:15,,,,False
1593985919987896320,2022-11-20_00:13:52,それはそれで楽しそう,0,0,ijuin_sugaku,伊集院@数学,株式会社すうがくぶんかの伊集院です！数学や統計の授業をしています☺️数学好きな人もそうじゃない人も仲良くしてください🥺ハッシュタグつけ忘れ芸人,238,302,2021-12-18_09:46:15,,,,False
1593985782372782080,2022-11-20_00:13:19,あれ、渋谷から歩いて帰るパターン?,0,0,ijuin_sugaku,伊集院@数学,株式会社すうがくぶんかの伊集院です！数学や統計の授業をしています☺️数学好きな人もそうじゃない人も仲良くしてください🥺ハッシュタグつけ忘れ芸人,238,302,2021-12-18_09:46:15,,,,False
1593613450915479553,2022-11-18_23:33:49,社長氏にS+0っすよ!っていったらやばい人扱いされた,0,0,ijuin_sugaku,伊集院@数学,株式会社すうがくぶんかの伊集院です！数学や統計の授業をしています☺️数学好きな人もそうじゃない人も仲良くしてください🥺ハッシュタグつけ忘れ芸人,238,302,2021-12-18_09:46:15,,,,False
1593582536969850880,2022-11-18_21:30:58,すーし!すーし!すーし!#すうがくぶんか,4,0,ijuin_sugaku,伊集院@数学,株式会社すうがくぶんかの伊集院です！数学や統計の授業をしています☺️数学好きな人もそうじゃない人も仲良くしてください🥺ハッシュタグつけ忘れ芸人,238,302,2021-12-18_09:46:15,,,,False
1593224870330257409,2022-11-17_21:49:44,地震こわいひいいいいいってなるこわい,0,0,ijuin_sugaku,伊集院@数学,株式会社すうがくぶんかの伊集院です！数学や統計の授業をしています☺️数学好きな人もそうじゃない人も仲良くしてください🥺ハッシュタグつけ忘れ芸人,238,302,2021-12-18_09:46:15,,,,False
1592353237499547650,2022-11-15_12:06:10,ここまで走れたんだからプラス0分いけるでしょって帰納法回ってずっと走っちゃう,2,0,ijuin_sugaku,伊集院@数学,株式会社すうがくぶんかの伊集院です！数学や統計の授業をしています☺️数学好きな人もそうじゃない人も仲良くしてください🥺ハッシュタグつけ忘れ芸人,238,302,2021-12-18_09:46:15,,,,False
1592352591048216576,2022-11-15_12:03:36,最近ジム通い始めたんだけど、走るの楽しくてしょっちゅう行っちゃう,2,0,ijuin_sugaku,伊集院@数学,株式会社すうがくぶんかの伊集院です！数学や統計の授業をしています☺️数学好きな人もそうじゃない人も仲良くしてください🥺ハッシュタグつけ忘れ芸人,238,302,2021-12-18_09:46:15,,,,False
1591684865065639936,2022-11-13_15:50:18,初級統計は0変数間の関係についてやりました!散らばりを要因と残差にわけましょうっていうこれから何度も出てくる考え方を説明しました✌️#すうがくぶんか,12,1,ijuin_sugaku,伊集院@数学,株式会社すうがくぶんかの伊集院です！数学や統計の授業をしています☺️数学好きな人もそうじゃない人も仲良くしてください🥺ハッシュタグつけ忘れ芸人,238,302,2021-12-18_09:46:15,,,,False
1591679079232983040,2022-11-13_15:27:19,既約元分解って言いかけて、いやでも0ないが???とか思うなどしました,0,0,ijuin_sugaku,伊集院@数学,株式会社すうがくぶんかの伊集院です！数学や統計の授業をしています☺️数学好きな人もそうじゃない人も仲良くしてください🥺ハッシュタグつけ忘れ芸人,238,302,2021-12-18_09:46:15,1591678346441916418,1472005191809781762,,False
1591678346441916418,2022-11-13_15:24:24,昨日の整数論入門は素因数分解について扱いました!中学で素因数分解習ったとき、結果は一通りしかないか?って考えもしなかった気がします樂実はそんなに当たり前ではないことを鑑賞して、ありがたい気持ちになりながら素因数分解の一意性を証…,9,1,ijuin_sugaku,伊集院@数学,株式会社すうがくぶんかの伊集院です！数学や統計の授業をしています☺️数学好きな人もそうじゃない人も仲良くしてください🥺ハッシュタグつけ忘れ芸人,238,302,2021-12-18_09:46:15,,,,False
1590975486741860352,2022-11-11_16:51:29,圏論の地平線と新宿ねこちゃん,20,0,ijuin_sugaku,伊集院@数学,株式会社すうがくぶんかの伊集院です！数学や統計の授業をしています☺️数学好きな人もそうじゃない人も仲良くしてください🥺ハッシュタグつけ忘れ芸人,238,302,2021-12-18_09:46:15,,,,False
1590916073716862976,2022-11-11_12:55:24,友達の誕プレにいい感じの梅酒とか果実酒的なものを探し中樂,0,0,ijuin_sugaku,伊集院@数学,株式会社すうがくぶんかの伊集院です！数学や統計の授業をしています☺️数学好きな人もそうじゃない人も仲良くしてください🥺ハッシュタグつけ忘れ芸人,238,302,2021-12-18_09:46:15,,,,False
1590257174261141504,2022-11-09_17:17:10,スキーム論、何回やってもめっちゃ難しいけども年に何度かスキーム論欲ががっつりくる,6,0,ijuin_sugaku,伊集院@数学,株式会社すうがくぶんかの伊集院です！数学や統計の授業をしています☺️数学好きな人もそうじゃない人も仲良くしてください🥺ハッシュタグつけ忘れ芸人,238,302,2021-12-18_09:46:15,,,,False
1589941483238748161,2022-11-08_20:22:43,肉眼ならいい感じに見えたのになー,1,0,ijuin_sugaku,伊集院@数学,株式会社すうがくぶんかの伊集院です！数学や統計の授業をしています☺️数学好きな人もそうじゃない人も仲良くしてください🥺ハッシュタグつけ忘れ芸人,238,302,2021-12-18_09:46:15,1589941418579357697,1472005191809781762,,False
1589941418579357697,2022-11-08_20:22:28,都会の月食(うるとらわかりにくい) ,3,0,ijuin_sugaku,伊集院@数学,株式会社すうがくぶんかの伊集院です！数学や統計の授業をしています☺️数学好きな人もそうじゃない人も仲良くしてください🥺ハッシュタグつけ忘れ芸人,238,302,2021-12-18_09:46:15,,,,False
1589469414734565376,2022-11-07_13:06:54,復習します!,0,0,ijuin_sugaku,伊集院@数学,株式会社すうがくぶんかの伊集院です！数学や統計の授業をしています☺️数学好きな人もそうじゃない人も仲良くしてください🥺ハッシュタグつけ忘れ芸人,238,302,2021-12-18_09:46:15,,,,False
1589469303937839105,2022-11-07_13:06:27,講師勉強会、今日はとてもむじゅかしぃでした(ミュート外れてるのに気付かずに独り言聞かれた人),0,0,ijuin_sugaku,伊集院@数学,株式会社すうがくぶんかの伊集院です！数学や統計の授業をしています☺️数学好きな人もそうじゃない人も仲良くしてください🥺ハッシュタグつけ忘れ芸人,238,302,2021-12-18_09:46:15,,,,False
1586922962095308801,2022-10-31_12:28:12,np.poly0dとかいうものの存在を今さっき知ったんだけどめっちゃ便利ツールじゃんなにこれなんで知らなかったんだろう,0,0,ijuin_sugaku,伊集院@数学,株式会社すうがくぶんかの伊集院です！数学や統計の授業をしています☺️数学好きな人もそうじゃない人も仲良くしてください🥺ハッシュタグつけ忘れ芸人,238,302,2021-12-18_09:46:15,,,,False
1586910947813490689,2022-10-31_11:40:27,「スプラトゥーンの伊集院さんですよね?」は笑っちゃうんよ,0,0,ijuin_sugaku,伊集院@数学,株式会社すうがくぶんかの伊集院です！数学や統計の授業をしています☺️数学好きな人もそうじゃない人も仲良くしてください🥺ハッシュタグつけ忘れ芸人,238,302,2021-12-18_09:46:15,1586910566421233665,1472005191809781762,,False
1586910566421233665,2022-10-31_11:38:57,友人氏の結婚式行ってきたら初対面の奥様にスプラの民なのがバレてましたどうもS+0です,1,0,ijuin_sugaku,伊集院@数学,株式会社すうがくぶんかの伊集院です！数学や統計の授業をしています☺️数学好きな人もそうじゃない人も仲良くしてください🥺ハッシュタグつけ忘れ芸人,238,302,2021-12-18_09:46:15,,,,False
1586910027310592000,2022-10-31_11:36:48,ひいん,0,0,ijuin_sugaku,伊集院@数学,株式会社すうがくぶんかの伊集院です！数学や統計の授業をしています☺️数学好きな人もそうじゃない人も仲良くしてください🥺ハッシュタグつけ忘れ芸人,238,302,2021-12-18_09:46:15,,,,False
1586909999628189696,2022-10-31_11:36:41,ちょっとだけでも参加したかったのに絶対間に合わない,0,0,ijuin_sugaku,伊集院@数学,株式会社すうがくぶんかの伊集院です！数学や統計の授業をしています☺️数学好きな人もそうじゃない人も仲良くしてください🥺ハッシュタグつけ忘れ芸人,238,302,2021-12-18_09:46:15,,,,False
1586641085308481537,2022-10-30_17:48:07,ややね,0,0,ijuin_sugaku,伊集院@数学,株式会社すうがくぶんかの伊集院です！数学や統計の授業をしています☺️数学好きな人もそうじゃない人も仲良くしてください🥺ハッシュタグつけ忘れ芸人,238,302,2021-12-18_09:46:15,,,,False
1586641068443176960,2022-10-30_17:48:03,あかん多分やや酔っ払ってる,1,0,ijuin_sugaku,伊集院@数学,株式会社すうがくぶんかの伊集院です！数学や統計の授業をしています☺️数学好きな人もそうじゃない人も仲良くしてください🥺ハッシュタグつけ忘れ芸人,238,302,2021-12-18_09:46:15,,,,False
1586641004735926277,2022-10-30_17:47:48,数学好きな人と繋がりたい,5,0,ijuin_sugaku,伊集院@数学,株式会社すうがくぶんかの伊集院です！数学や統計の授業をしています☺️数学好きな人もそうじゃない人も仲良くしてください🥺ハッシュタグつけ忘れ芸人,238,302,2021-12-18_09:46:15,,,,False
1586640657611096064,2022-10-30_17:46:25,変なアカウントにめっちゃリスト登録されるやだ,1,0,ijuin_sugaku,伊集院@数学,株式会社すうがくぶんかの伊集院です！数学や統計の授業をしています☺️数学好きな人もそうじゃない人も仲良くしてください🥺ハッシュタグつけ忘れ芸人,238,302,2021-12-18_09:46:15,,,,False
1585906088482070529,2022-10-28_17:07:30,待ち時間でお仕事しようと思ったのにいろいろ家に置き忘れてきてこまった,0,0,ijuin_sugaku,伊集院@数学,株式会社すうがくぶんかの伊集院です！数学や統計の授業をしています☺️数学好きな人もそうじゃない人も仲良くしてください🥺ハッシュタグつけ忘れ芸人,238,302,2021-12-18_09:46:15,,,,False
1585255182778380288,2022-10-26_22:01:02,❌飲み会がない⭕️飲み会に誘われてない,0,0,ijuin_sugaku,伊集院@数学,株式会社すうがくぶんかの伊集院です！数学や統計の授業をしています☺️数学好きな人もそうじゃない人も仲良くしてください🥺ハッシュタグつけ忘れ芸人,238,302,2021-12-18_09:46:15,1585254993229393921,1472005191809781762,,False
1585254993229393921,2022-10-26_22:00:17,飲み会なんてろくになかったけどね!,0,0,ijuin_sugaku,伊集院@数学,株式会社すうがくぶんかの伊集院です！数学や統計の授業をしています☺️数学好きな人もそうじゃない人も仲良くしてください🥺ハッシュタグつけ忘れ芸人,238,302,2021-12-18_09:46:15,,,,False
1585254868071387136,2022-10-26_21:59:47,わかりすぎた,0,0,ijuin_sugaku,伊集院@数学,株式会社すうがくぶんかの伊集院です！数学や統計の授業をしています☺️数学好きな人もそうじゃない人も仲良くしてください🥺ハッシュタグつけ忘れ芸人,238,302,2021-12-18_09:46:15,,,,False
1584778977901936641,2022-10-25_14:28:46,知りたいなって思うことはたくさんあるのに後回しにしちゃいがち,0,0,ijuin_sugaku,伊集院@数学,株式会社すうがくぶんかの伊集院です！数学や統計の授業をしています☺️数学好きな人もそうじゃない人も仲良くしてください🥺ハッシュタグつけ忘れ芸人,238,302,2021-12-18_09:46:15,,,,False
1584777391758807040,2022-10-25_14:22:28,頑張ってみようかな,1,0,ijuin_sugaku,伊集院@数学,株式会社すうがくぶんかの伊集院です！数学や統計の授業をしています☺️数学好きな人もそうじゃない人も仲良くしてください🥺ハッシュタグつけ忘れ芸人,238,302,2021-12-18_09:46:15,1584777366483931136,1472005191809781762,,False
1584777366483931136,2022-10-25_14:22:22,複素幾何、かっこよいなぁーって思いながら全然勉強できてない数学のひとつ,0,0,ijuin_sugaku,伊集院@数学,株式会社すうがくぶんかの伊集院です！数学や統計の授業をしています☺️数学好きな人もそうじゃない人も仲良くしてください🥺ハッシュタグつけ忘れ芸人,238,302,2021-12-18_09:46:15,,,,False
1584341299284815872,2022-10-24_09:29:36,講師勉強会の前にシャワー済ませてきた気合い入れてこー,0,0,ijuin_sugaku,伊集院@数学,株式会社すうがくぶんかの伊集院です！数学や統計の授業をしています☺️数学好きな人もそうじゃない人も仲良くしてください🥺ハッシュタグつけ忘れ芸人,238,302,2021-12-18_09:46:15,,,,False
1582900729781833729,2022-10-20_10:05:17,(といいつつ本屋さん行きたいだけ説),0,0,ijuin_sugaku,伊集院@数学,株式会社すうがくぶんかの伊集院です！数学や統計の授業をしています☺️数学好きな人もそうじゃない人も仲良くしてください🥺ハッシュタグつけ忘れ芸人,238,302,2021-12-18_09:46:15,1582900638480224256,1472005191809781762,,False
1582900638480224256,2022-10-20_10:04:55,来期どんな講座やるかのアイディアを補給しに本屋さんいってきます!!,2,0,ijuin_sugaku,伊集院@数学,株式会社すうがくぶんかの伊集院です！数学や統計の授業をしています☺️数学好きな人もそうじゃない人も仲良くしてください🥺ハッシュタグつけ忘れ芸人,238,302,2021-12-18_09:46:15,,,,False
1582667954638188545,2022-10-19_18:40:19,さてさてそろそろ初級統計やるよ,1,0,ijuin_sugaku,伊集院@数学,株式会社すうがくぶんかの伊集院です！数学や統計の授業をしています☺️数学好きな人もそうじゃない人も仲良くしてください🥺ハッシュタグつけ忘れ芸人,238,302,2021-12-18_09:46:15,,,,False
1582640426447958016,2022-10-19_16:50:56,解析の講座は結構充実してきたから幾何とか代数の講座も増やしたいねって雑談はよくするけど、具体的になにやれば楽しんでもらえるのかな樂,1,0,ijuin_sugaku,伊集院@数学,株式会社すうがくぶんかの伊集院です！数学や統計の授業をしています☺️数学好きな人もそうじゃない人も仲良くしてください🥺ハッシュタグつけ忘れ芸人,238,302,2021-12-18_09:46:15,,,,False
1582640066534707200,2022-10-19_16:49:30,幾何欲、定期的にくる,0,0,ijuin_sugaku,伊集院@数学,株式会社すうがくぶんかの伊集院です！数学や統計の授業をしています☺️数学好きな人もそうじゃない人も仲良くしてください🥺ハッシュタグつけ忘れ芸人,238,302,2021-12-18_09:46:15,,,,False
1581941035982532613,2022-10-17_18:31:48,にかくあーるは初めて聞いた,1,0,ijuin_sugaku,伊集院@数学,株式会社すうがくぶんかの伊集院です！数学や統計の授業をしています☺️数学好きな人もそうじゃない人も仲良くしてください🥺ハッシュタグつけ忘れ芸人,238,302,2021-12-18_09:46:15,,,,False
1581940786014613504,2022-10-17_18:30:49,そうなんだよ0代ももう半ばなんだよ,0,0,ijuin_sugaku,伊集院@数学,株式会社すうがくぶんかの伊集院です！数学や統計の授業をしています☺️数学好きな人もそうじゃない人も仲良くしてください🥺ハッシュタグつけ忘れ芸人,238,302,2021-12-18_09:46:15,,,,False
1581940656490295301,2022-10-17_18:30:18,∠R、授業中に教わったことはない気がする授業外で数学の先生と雑談してるときに知ったんだったかなぁそんな0代半ばです,0,0,ijuin_sugaku,伊集院@数学,株式会社すうがくぶんかの伊集院です！数学や統計の授業をしています☺️数学好きな人もそうじゃない人も仲良くしてください🥺ハッシュタグつけ忘れ芸人,238,302,2021-12-18_09:46:15,,,,False
1581551570726318080,2022-10-16_16:44:12,最密に置きたかったんだけど最適解からは遠そう,1,0,ijuin_sugaku,伊集院@数学,株式会社すうがくぶんかの伊集院です！数学や統計の授業をしています☺️数学好きな人もそうじゃない人も仲良くしてください🥺ハッシュタグつけ忘れ芸人,238,302,2021-12-18_09:46:15,,,,False
1581544582948745217,2022-10-16_16:16:26,美容師さんに少し触覚残すのもいい感じだよって言われたのに少し残すを作るのが難しい,1,0,ijuin_sugaku,伊集院@数学,株式会社すうがくぶんかの伊集院です！数学や統計の授業をしています☺️数学好きな人もそうじゃない人も仲良くしてください🥺ハッシュタグつけ忘れ芸人,238,302,2021-12-18_09:46:15,,,,False
1581542734879686656,2022-10-16_16:09:06,つよつよパソコンさん買ったからでぃぷらにんぐします!,5,0,ijuin_sugaku,伊集院@数学,株式会社すうがくぶんかの伊集院です！数学や統計の授業をしています☺️数学好きな人もそうじゃない人も仲良くしてください🥺ハッシュタグつけ忘れ芸人,238,302,2021-12-18_09:46:15,,,,False
1581242335748567041,2022-10-15_20:15:25,どれが店員さんなのかもわからない…,1,0,ijuin_sugaku,伊集院@数学,株式会社すうがくぶんかの伊集院です！数学や統計の授業をしています☺️数学好きな人もそうじゃない人も仲良くしてください🥺ハッシュタグつけ忘れ芸人,238,302,2021-12-18_09:46:15,,,,False
1581242247299076096,2022-10-15_20:15:04,陰キャわい氏、店員さんに声かけられない,0,0,ijuin_sugaku,伊集院@数学,株式会社すうがくぶんかの伊集院です！数学や統計の授業をしています☺️数学好きな人もそうじゃない人も仲良くしてください🥺ハッシュタグつけ忘れ芸人,238,302,2021-12-18_09:46:15,,,,False
1581242141430648832,2022-10-15_20:14:39,耐えてきたっていうかまだお店なんだけど,0,0,ijuin_sugaku,伊集院@数学,株式会社すうがくぶんかの伊集院です！数学や統計の授業をしています☺️数学好きな人もそうじゃない人も仲良くしてください🥺ハッシュタグつけ忘れ芸人,238,302,2021-12-18_09:46:15,,,,False
1581240253981265920,2022-10-15_20:07:09,Appleのお店に来てるんだけど、iPhoneってプロマックスっていうのがあるのねどうしよう回したい…でも売り物…ってなりながらぐっと堪えてきた,1,0,ijuin_sugaku,伊集院@数学,株式会社すうがくぶんかの伊集院です！数学や統計の授業をしています☺️数学好きな人もそうじゃない人も仲良くしてください🥺ハッシュタグつけ忘れ芸人,238,302,2021-12-18_09:46:15,,,,False
1580895495098355712,2022-10-14_21:17:12,^{あんの},1,0,ijuin_sugaku,伊集院@数学,株式会社すうがくぶんかの伊集院です！数学や統計の授業をしています☺️数学好きな人もそうじゃない人も仲良くしてください🥺ハッシュタグつけ忘れ芸人,238,302,2021-12-18_09:46:15,,,,False
1580895317985488896,2022-10-14_21:16:30,朝から授業して燃え尽きてから美容院行ったら案の定シャンプーされながら寝落ちたよ,1,0,ijuin_sugaku,伊集院@数学,株式会社すうがくぶんかの伊集院です！数学や統計の授業をしています☺️数学好きな人もそうじゃない人も仲良くしてください🥺ハッシュタグつけ忘れ芸人,238,302,2021-12-18_09:46:15,,,,False
1580843899391967232,2022-10-14_17:52:10,いっぱい授業してもう眠い,0,0,ijuin_sugaku,伊集院@数学,株式会社すうがくぶんかの伊集院です！数学や統計の授業をしています☺️数学好きな人もそうじゃない人も仲良くしてください🥺ハッシュタグつけ忘れ芸人,238,302,2021-12-18_09:46:15,,,,False
1580576707681357829,2022-10-14_00:10:27,おさけおいしい,2,0,ijuin_sugaku,伊集院@数学,株式会社すうがくぶんかの伊集院です！数学や統計の授業をしています☺️数学好きな人もそうじゃない人も仲良くしてください🥺ハッシュタグつけ忘れ芸人,238,302,2021-12-18_09:46:15,,,,False
1580560670592241666,2022-10-13_23:06:43,おさしみ!!!! ,0,0,ijuin_sugaku,伊集院@数学,株式会社すうがくぶんかの伊集院です！数学や統計の授業をしています☺️数学好きな人もそうじゃない人も仲良くしてください🥺ハッシュタグつけ忘れ芸人,238,302,2021-12-18_09:46:15,1580556615753043969,1472005191809781762,,False
1580556615753043969,2022-10-13_22:50:37,会社の近所の九州料理屋さん!!#すうがくぶんか,0,0,ijuin_sugaku,伊集院@数学,株式会社すうがくぶんかの伊集院です！数学や統計の授業をしています☺️数学好きな人もそうじゃない人も仲良くしてください🥺ハッシュタグつけ忘れ芸人,238,302,2021-12-18_09:46:15,,,,False
1580218300889718786,2022-10-13_00:26:16,わかりやすい授業ってなんだろうって考えてると、そもそもわかるってなんだろうに行きついて沼,5,0,ijuin_sugaku,伊集院@数学,株式会社すうがくぶんかの伊集院です！数学や統計の授業をしています☺️数学好きな人もそうじゃない人も仲良くしてください🥺ハッシュタグつけ忘れ芸人,238,302,2021-12-18_09:46:15,,,,False
1579772885128065025,2022-10-11_18:56:21,歩道橋で機材立ててる人いたし、今日いい感じの日なのかな,0,0,ijuin_sugaku,伊集院@数学,株式会社すうがくぶんかの伊集院です！数学や統計の授業をしています☺️数学好きな人もそうじゃない人も仲良くしてください🥺ハッシュタグつけ忘れ芸人,238,302,2021-12-18_09:46:15,1579771836556279810,1472005191809781762,,False
1579771836556279810,2022-10-11_18:52:11,なんか月きれいだった!!写真だと伝わらない樂,2,0,ijuin_sugaku,伊集院@数学,株式会社すうがくぶんかの伊集院です！数学や統計の授業をしています☺️数学好きな人もそうじゃない人も仲良くしてください🥺ハッシュタグつけ忘れ芸人,238,302,2021-12-18_09:46:15,,,,False
1579431507151974401,2022-10-10_20:19:50,集団授業、今期もついに始まっちゃいました!土曜日の整数論入門第0回はこれから触れていく整数の面白い性質をいろいろ観察しました#すうがくぶんか,10,2,ijuin_sugaku,伊集院@数学,株式会社すうがくぶんかの伊集院です！数学や統計の授業をしています☺️数学好きな人もそうじゃない人も仲良くしてください🥺ハッシュタグつけ忘れ芸人,238,302,2021-12-18_09:46:15,,,,False
1578990234620293121,2022-10-09_15:06:22,初回は終わってしまいましたが録画で追っかけ受講できます!まだ全然追いつくのでこの機会に是非 ,0,0,ijuin_sugaku,伊集院@数学,株式会社すうがくぶんかの伊集院です！数学や統計の授業をしています☺️数学好きな人もそうじゃない人も仲良くしてください🥺ハッシュタグつけ忘れ芸人,238,302,2021-12-18_09:46:15,,,,False
1578952367240007680,2022-10-09_12:35:54,加藤文元先生の線形代数講義のお手伝いしてきましたーゆうて録画しながら回線が無事か見守ってるくらいだけど樂プロ中のプロの先生が線形代数をどう話されるのか、めちゃくちゃ楽しみなので役得フル活用で勉強させていただきます,5,0,ijuin_sugaku,伊集院@数学,株式会社すうがくぶんかの伊集院です！数学や統計の授業をしています☺️数学好きな人もそうじゃない人も仲良くしてください🥺ハッシュタグつけ忘れ芸人,238,302,2021-12-18_09:46:15,,,,False
1576176156289961985,2022-10-01_20:44:14,都庁がピンク!かわよい!って撮った失敗写真がこちらです,5,0,ijuin_sugaku,伊集院@数学,株式会社すうがくぶんかの伊集院です！数学や統計の授業をしています☺️数学好きな人もそうじゃない人も仲良くしてください🥺ハッシュタグつけ忘れ芸人,238,302,2021-12-18_09:46:15,,,,False
1576175846628687872,2022-10-01_20:43:00,こういうのどうやって見つけるんだろ,0,0,ijuin_sugaku,伊集院@数学,株式会社すうがくぶんかの伊集院です！数学や統計の授業をしています☺️数学好きな人もそうじゃない人も仲良くしてください🥺ハッシュタグつけ忘れ芸人,238,302,2021-12-18_09:46:15,,,,False
1576166481338826752,2022-10-01_20:05:47,広報部の皆様お疲れ様でした,0,0,ijuin_sugaku,伊集院@数学,株式会社すうがくぶんかの伊集院です！数学や統計の授業をしています☺️数学好きな人もそうじゃない人も仲良くしてください🥺ハッシュタグつけ忘れ芸人,238,302,2021-12-18_09:46:15,1576166360828497920,1472005191809781762,,False
1576166360828497920,2022-10-01_20:05:18,関西いいな!!本屋さん巡りいいな!!! ,3,0,ijuin_sugaku,伊集院@数学,株式会社すうがくぶんかの伊集院です！数学や統計の授業をしています☺️数学好きな人もそうじゃない人も仲良くしてください🥺ハッシュタグつけ忘れ芸人,238,302,2021-12-18_09:46:15,,,,False
1575749769217323008,2022-09-30_16:29:55,初級統計も!!お願いします!!! ,0,0,ijuin_sugaku,伊集院@数学,株式会社すうがくぶんかの伊集院です！数学や統計の授業をしています☺️数学好きな人もそうじゃない人も仲良くしてください🥺ハッシュタグつけ忘れ芸人,238,302,2021-12-18_09:46:15,,,,False
1575749229741756416,2022-09-30_16:27:47,やります!!よろしくお願いします!! ,0,0,ijuin_sugaku,伊集院@数学,株式会社すうがくぶんかの伊集院です！数学や統計の授業をしています☺️数学好きな人もそうじゃない人も仲良くしてください🥺ハッシュタグつけ忘れ芸人,238,302,2021-12-18_09:46:15,,,,False
1575747834103889920,2022-09-30_16:22:14,手土産探しに伊勢丹来たらめっちゃかわいいの見つけた(ง˘ω˘)ว,2,0,ijuin_sugaku,伊集院@数学,株式会社すうがくぶんかの伊集院です！数学や統計の授業をしています☺️数学好きな人もそうじゃない人も仲良くしてください🥺ハッシュタグつけ忘れ芸人,238,302,2021-12-18_09:46:15,,,,False
1575430139223375872,2022-09-29_19:19:49,0日pythonぽちぽちしてふぅ…,1,0,ijuin_sugaku,伊集院@数学,株式会社すうがくぶんかの伊集院です！数学や統計の授業をしています☺️数学好きな人もそうじゃない人も仲良くしてください🥺ハッシュタグつけ忘れ芸人,238,302,2021-12-18_09:46:15,,,,False
1575429782489407488,2022-09-29_19:18:24,ヤグラに乗って近付いてくるホップソナーをタイミングずれて踏んだわい「ドップラー効果でやられた…」,0,0,ijuin_sugaku,伊集院@数学,株式会社すうがくぶんかの伊集院です！数学や統計の授業をしています☺️数学好きな人もそうじゃない人も仲良くしてください🥺ハッシュタグつけ忘れ芸人,238,302,2021-12-18_09:46:15,,,,False
1575033338792120321,2022-09-28_17:03:05,加藤先生と千葉先生の対談、もちろん面白かったんだけどそれ以上に圧倒されたって感想がしっくりくるなぁって思った,0,0,ijuin_sugaku,伊集院@数学,株式会社すうがくぶんかの伊集院です！数学や統計の授業をしています☺️数学好きな人もそうじゃない人も仲良くしてください🥺ハッシュタグつけ忘れ芸人,238,302,2021-12-18_09:46:15,,,,False
1574689925471281153,2022-09-27_18:18:29,♯教務部=0なので樂,0,0,ijuin_sugaku,伊集院@数学,株式会社すうがくぶんかの伊集院です！数学や統計の授業をしています☺️数学好きな人もそうじゃない人も仲良くしてください🥺ハッシュタグつけ忘れ芸人,238,302,2021-12-18_09:46:15,,,,False
1574689725398790146,2022-09-27_18:17:41,ほら!!みんな見て!!!!言ってみるもんだよ!!!! ,2,0,ijuin_sugaku,伊集院@数学,株式会社すうがくぶんかの伊集院です！数学や統計の授業をしています☺️数学好きな人もそうじゃない人も仲良くしてください🥺ハッシュタグつけ忘れ芸人,238,302,2021-12-18_09:46:15,,,,False
1574686549568290817,2022-09-27_18:05:04,例のツイートどこだろうって遡ってふぁぼっておいた,1,0,ijuin_sugaku,伊集院@数学,株式会社すうがくぶんかの伊集院です！数学や統計の授業をしています☺️数学好きな人もそうじゃない人も仲良くしてください🥺ハッシュタグつけ忘れ芸人,238,302,2021-12-18_09:46:15,,,,False
1574626112172601344,2022-09-27_14:04:54,私は下っ端of下っ端なのでおーい!って言うくらいしかできません若,3,1,ijuin_sugaku,伊集院@数学,株式会社すうがくぶんかの伊集院です！数学や統計の授業をしています☺️数学好きな人もそうじゃない人も仲良くしてください🥺ハッシュタグつけ忘れ芸人,238,302,2021-12-18_09:46:15,,,,False
1574624762877583360,2022-09-27_13:59:33,おーい!弊社ー!!出番ですぞー!!! ,26,4,ijuin_sugaku,伊集院@数学,株式会社すうがくぶんかの伊集院です！数学や統計の授業をしています☺️数学好きな人もそうじゃない人も仲良くしてください🥺ハッシュタグつけ忘れ芸人,238,302,2021-12-18_09:46:15,,,,False
1574055706294390787,2022-09-26_00:18:19,なんかやりたいなーの気持ちと裏方楽しいなの気持ち,2,0,ijuin_sugaku,伊集院@数学,株式会社すうがくぶんかの伊集院です！数学や統計の授業をしています☺️数学好きな人もそうじゃない人も仲良くしてください🥺ハッシュタグつけ忘れ芸人,238,302,2021-12-18_09:46:15,,,,False
1574055458419380225,2022-09-26_00:17:20,完全裏方だったから放送には乗ってないはずだけど楽しかった,3,0,ijuin_sugaku,伊集院@数学,株式会社すうがくぶんかの伊集院です！数学や統計の授業をしています☺️数学好きな人もそうじゃない人も仲良くしてください🥺ハッシュタグつけ忘れ芸人,238,302,2021-12-18_09:46:15,,,,False
1574049670095339523,2022-09-25_23:54:20,無事帰宅してフェスしてます,1,0,ijuin_sugaku,伊集院@数学,株式会社すうがくぶんかの伊集院です！数学や統計の授業をしています☺️数学好きな人もそうじゃない人も仲良くしてください🥺ハッシュタグつけ忘れ芸人,238,302,2021-12-18_09:46:15,,,,False
1574045811100774401,2022-09-25_23:39:00,ありがとうございましたー!どの企画も最高でした!!実は受付とか控室でもめっちゃ交流が発生してて、そういうのも含めて最高な0時間でした☺️☺️☺️#MathPower ,10,0,ijuin_sugaku,伊集院@数学,株式会社すうがくぶんかの伊集院です！数学や統計の授業をしています☺️数学好きな人もそうじゃない人も仲良くしてください🥺ハッシュタグつけ忘れ芸人,238,302,2021-12-18_09:46:15,,,,False
1573941661885169665,2022-09-25_16:45:09,控え室に野生のゼータが!!#MathPower ,37,4,ijuin_sugaku,伊集院@数学,株式会社すうがくぶんかの伊集院です！数学や統計の授業をしています☺️数学好きな人もそうじゃない人も仲良くしてください🥺ハッシュタグつけ忘れ芸人,238,302,2021-12-18_09:46:15,,,,False
1573846771352342528,2022-09-25_10:28:05,左上に「リアル物理」「SF」が書いてなかったら見分けつかないのよどれがリアル物理でしょうクイズしたら難しそう#MathPower,5,2,ijuin_sugaku,伊集院@数学,株式会社すうがくぶんかの伊集院です！数学や統計の授業をしています☺️数学好きな人もそうじゃない人も仲良くしてください🥺ハッシュタグつけ忘れ芸人,238,302,2021-12-18_09:46:15,,,,False
1573812300410400768,2022-09-25_08:11:07,0日目はじまってます!よろしくお願いします!#MathPower ,9,1,ijuin_sugaku,伊集院@数学,株式会社すうがくぶんかの伊集院です！数学や統計の授業をしています☺️数学好きな人もそうじゃない人も仲良くしてください🥺ハッシュタグつけ忘れ芸人,238,302,2021-12-18_09:46:15,,,,False
1573786945029042176,2022-09-25_06:30:21,なれにゃん、めっちゃ0ゲーム考えてくれてるしゅごい,1,0,ijuin_sugaku,伊集院@数学,株式会社すうがくぶんかの伊集院です！数学や統計の授業をしています☺️数学好きな人もそうじゃない人も仲良くしてください🥺ハッシュタグつけ忘れ芸人,238,302,2021-12-18_09:46:15,,,,False
1573657199200849921,2022-09-24_21:54:48,全部終わったら哲学の本たくさん買うんだ…#MathPower,4,0,ijuin_sugaku,伊集院@数学,株式会社すうがくぶんかの伊集院です！数学や統計の授業をしています☺️数学好きな人もそうじゃない人も仲良くしてください🥺ハッシュタグつけ忘れ芸人,238,302,2021-12-18_09:46:15,,,,False
1573651937907867648,2022-09-24_21:33:53,お笑い数学!#Mathpower,1,0,ijuin_sugaku,伊集院@数学,株式会社すうがくぶんかの伊集院です！数学や統計の授業をしています☺️数学好きな人もそうじゃない人も仲良くしてください🥺ハッシュタグつけ忘れ芸人,238,302,2021-12-18_09:46:15,,,,False
1573595422450651136,2022-09-24_17:49:19,裏で弊社社長が耐久企画考えてたから成果出して発表してほしい#MathPower,1,0,ijuin_sugaku,伊集院@数学,株式会社すうがくぶんかの伊集院です！数学や統計の授業をしています☺️数学好きな人もそうじゃない人も仲良くしてください🥺ハッシュタグつけ忘れ芸人,238,302,2021-12-18_09:46:15,,,,False
1573512526499028992,2022-09-24_12:19:55,現場で聴けるの役得すぎるこの熱量、みんなに体感して欲しかった梁いつか対面のMathPowerできるといいなぁ#MathPower ,1,0,ijuin_sugaku,伊集院@数学,株式会社すうがくぶんかの伊集院です！数学や統計の授業をしています☺️数学好きな人もそうじゃない人も仲良くしてください🥺ハッシュタグつけ忘れ芸人,238,302,2021-12-18_09:46:15,,,,False
1573502258788339712,2022-09-24_11:39:07,トップバッターからめちゃくちゃ楽しいどうしよう楽しい,2,3,ijuin_sugaku,伊集院@数学,株式会社すうがくぶんかの伊集院です！数学や統計の授業をしています☺️数学好きな人もそうじゃない人も仲良くしてください🥺ハッシュタグつけ忘れ芸人,238,302,2021-12-18_09:46:15,,,,False
1573488881538043904,2022-09-24_10:45:58,オープニングはじまってMathー✌️,1,0,ijuin_sugaku,伊集院@数学,株式会社すうがくぶんかの伊集院です！数学や統計の授業をしています☺️数学好きな人もそうじゃない人も仲良くしてください🥺ハッシュタグつけ忘れ芸人,238,302,2021-12-18_09:46:15,,,,False
1573476040521187328,2022-09-24_09:54:56,あと0分ちょっとでMathPowerはじまります!明日の夜までやってるので是非覗いてみてください若#MathPower ,11,2,ijuin_sugaku,伊集院@数学,株式会社すうがくぶんかの伊集院です！数学や統計の授業をしています☺️数学好きな人もそうじゃない人も仲良くしてください🥺ハッシュタグつけ忘れ芸人,238,302,2021-12-18_09:46:15,,,,False
